{"Episode/rew_action_rate": -0.014989535324275494, "Episode/rew_action_smoothness": -0.016474954783916473, "Episode/rew_ang_vel_xy": -0.02629418671131134, "Episode/rew_base_acc": -0.005384665913879871, "Episode/rew_base_height": -0.00015644123777747154, "Episode/rew_dof_acc": -0.02603597193956375, "Episode/rew_feet_air_time": -0.03029714897274971, "Episode/rew_feet_contact_forces": 0.0, "Episode/rew_foot_clearance": -0.0021075576078146696, "Episode/rew_foot_slip": -0.14359506964683533, "Episode/rew_hip_pos": -0.012948635965585709, "Episode/rew_lin_vel_z": -0.00949343852698803, "Episode/rew_low_speed": 0.17785689234733582, "Episode/rew_orientation_eular": 0.0923585295677185, "Episode/rew_powers": -0.0003275391354691237, "Episode/rew_stand_still": -0.0019723265431821346, "Episode/rew_track_vel_hard": 0.10887503623962402, "Episode/rew_tracking_ang_vel": 0.426011860370636, "Episode/rew_tracking_lin_vel": 0.9543417692184448, "Episode/rew_vel_mismatch_exp": 0.1612170934677124, "Episode/cost_acc_smoothness": 1.247422695159912, "Episode/cost_base_height": 0.00015644123777747154, "Episode/cost_collision": 0.0, "Episode/cost_dof_vel_limits": 0.0, "Episode/cost_feet_air_time": 0.0, "Episode/cost_hip_pos": 0.025897271931171417, "Episode/cost_pos_limit": 0.010568054392933846, "Episode/cost_stand_still": 0.1972326934337616, "Episode/cost_torque_limit": 0.0, "Loss/value_function": 0.004660011804662645, "Loss/surrogate": -0.007066674433735898, "Loss/learning_rate": 2.2500000000000008e-05, "Perf/total_fps": 15698, "Perf/collection time": 0.6847293376922607, "Perf/learning_time": 0.880812406539917, "Std/mean_std": 0.10596828162670135, "Std/std_dim_0": 0.07888150960206985, "Std/std_dim_1": 0.11593963205814362, "Std/std_dim_2": 0.1062556728720665, "Std/std_dim_3": 0.10060711950063705, "Std/std_dim_4": 0.13174282014369965, "Std/std_dim_5": 0.10816903412342072, "Std/std_dim_6": 0.09250432997941971, "Std/std_dim_7": 0.12087524682283401, "Std/std_dim_8": 0.10626014322042465, "Std/std_dim_9": 0.08838861435651779, "Std/std_dim_10": 0.10648488998413086, "Std/std_dim_11": 0.1155102550983429, "Train/mean_reward": 32.01016795516014, "Train/mean_episode_length": 973.28, "_timestamp": 1755427873, "_runtime": 12324, "_step": 5999, "_wandb": {"runtime": 12323}}